{
  "project_info": {
    "project_number": "840657123138",
    "project_id": "authapp-5d264",
    "storage_bucket": "authapp-5d264.appspot.com"
  },
  "client": [
    {
      "client_info": {
        "mobilesdk_app_id": "1:840657123138:android:a6a07a541c032101c5badb",
        "android_client_info": {
          "package_name": "com.example.authapp"
        }
      },
      "oauth_client": [
        {
          "client_id": "840657123138-sffoiuf5rpklfo4m0o771tjmlcasnt56.apps.googleusercontent.com",
          "client_type": 3
        }
      ],
      "api_key": [
        {
          "current_key": "AIzaSyBUFmNOpRJAw3tEKfXgWtB6u1VYsz89BAk"
        }
      ],
      "services": {
        "appinvite_service": {
          "other_platform_oauth_client": [
            {
              "client_id": "840657123138-sffoiuf5rpklfo4m0o771tjmlcasnt56.apps.googleusercontent.com",
              "client_type": 3
            }
          ]
        }
      }
    }
  ],
  "configuration_version": "1"
}